State,Value
        X,0.0
       OX,0.0
       X ,0.0
       XO,0.0
      O X,0.0
      OX ,0.0
      OXX,0.0
      X  ,0.0
      X O,0.0
      XO ,0.0
      XOX,0.0
      XXO,0.0
     O  X,0.0
     O X ,0.0
     O XX,0.0
     OX  ,0.0
     OX X,0.0
     OXOX,0.0
     OXX ,0.0
     OXXO,0.0
     X   ,0.0
     X  O,0.0
     X O ,0.0
     X OX,0.0
     X XO,0.0
     XO  ,0.0
     XO X,0.0
     XOOX,1.0
     XOX ,0.0
     XOXO,0.0
     XX O,0.0
     XXO ,0.0
     XXOO,0.0
    O   X,0.0
    O  X ,0.0
    O  XX,0.0
    O X  ,0.0
    O X X,0.0
    O XOX,0.0
    O XX ,0.0
    O XXO,0.0
    OOX X,0.0
    OOXX ,0.0
    OX   ,0.0
    OX  X,0.0
    OX OX,0.0
    OX X ,0.0
    OX XO,0.0
    OXO X,0.0
    OXOX ,0.0
    OXX  ,0.0
    OXX O,0.0
    OXXO ,0.0
    OXXOX,0.0
    OXXXO,0.0
    X    ,0.0
    X   O,0.0
    X  O ,0.0
    X  OX,0.0
    X  XO,0.0
    X O  ,0.0
    X O X,0.0
    X OOX,1.0
    X OX ,0.0
    X X O,0.0
    X XO ,0.0
    X XOO,1.0
    XO   ,0.0
    XO  X,0.0
    XO OX,0.0
    XO X ,0.0
    XO XO,0.0
    XOO X,1.0
    XOOX ,0.0
    XOX  ,0.0
    XOX O,1.0
    XOXO ,1.0
    XOXXO,-1.0
    XX  O,0.0
    XX O ,0.0
    XX OO,0.0
    XXO  ,0.0
    XXO O,1.0
    XXOO ,0.0
   O    X,0.0
   O   X ,0.0
   O   XX,0.0
   O  OXX,0.0
   O  X  ,0.0
   O  X X,0.0
   O  XOX,0.0
   O  XX ,0.0
   O O XX,0.0
   O OX X,0.0
   O OXX ,0.0
   O X   ,0.0
   O X  X,0.0
   O X OX,0.0
   O X X ,0.0
   O X XO,0.0
   O XO X,0.0
   O XOX ,0.0
   O XX  ,0.0
   O XX O,0.0
   O XXO ,0.0
   O XXOX,0.0
   OO X X,0.0
   OOX  X,0.0
   OOX XX,0.0
   OOXOXX,1.0
   OOXX  ,0.0
   OOXX X,0.0
   OOXXXO,0.0
   OX    ,0.0
   OX   X,0.0
   OX  OX,0.0
   OX  X ,0.0
   OX  XO,0.0
   OX O X,1.0
   OX OX ,1.0
   OX OXX,-1.0
   OX X  ,0.0
   OX X O,0.0
   OX XO ,0.0
   OXO  X,1.0
   OXO X ,0.0
   OXO XX,0.0
   OXOX  ,1.0
   OXX   ,0.0
   OXX XO,0.0
   OXXO  ,0.0
   OXXO X,0.0
   OXXOXO,0.0
   OXXX O,0.0
   X     ,0.0
   X    O,0.0
   X   O ,0.0
   X   OX,0.0
   X   XO,0.0
   X  O  ,0.0
   X  O X,0.0
   X  OOX,0.0
   X  OX ,0.0
   X  OXO,0.0
   X  X O,0.0
   X  XO ,0.0
   X  XOO,1.0
   X O   ,0.0
   X O  X,0.0
   X O OX,0.0
   X O X ,0.0
   X OO X,0.0
   X OOX ,0.0
   X OX  ,0.0
   X OX O,0.0
   X OXXO,0.0
   X X  O,0.0
   X X O ,0.0
   X X OO,0.0
   X XO  ,0.0
   X XO O,1.0
   X XOO ,0.0
   X XOXO,0.0
   X XXOO,0.0
   XO    ,0.0
   XO   X,0.0
   XO  OX,0.0
   XO  X ,0.0
   XO  XO,0.0
   XO OX ,0.0
   XO X  ,0.0
   XO XXO,0.0
   XOO  X,0.0
   XOO XX,0.0
   XOOXXO,0.0
   XOXOXO,0.0
   XOXXO ,-1.0
   XOXXOO,0.0
   XX   O,0.0
   XX  O ,0.0
   XX O  ,0.0
   XX O O,1.0
   XX OO ,0.0
   XX OOX,0.0
   XXO   ,0.0
   XXO  O,0.0
   XXO O ,0.0
   XXO OX,0.0
   XXO XO,0.0
   XXOO  ,0.0
   XXOOOX,0.0
   XXOX O,0.0
   XXX OO,1.0
   XXXO O,1.0
  O     X,0.0
  O    X ,0.0
  O    XX,0.0
  O   X  ,0.0
  O   X X,0.0
  O   XOX,0.0
  O   XX ,0.0
  O   XXO,0.0
  O  OX X,0.0
  O  OXXX,1.0
  O  X   ,0.0
  O  X  X,0.0
  O  X OX,0.0
  O  X X ,0.0
  O  X XO,0.0
  O  XO X,0.0
  O  XX  ,0.0
  O  XX O,0.0
  O  XXOX,0.0
  O  XXXO,0.0
  O O  XX,0.0
  O O X X,0.0
  O O XX ,0.0
  O OXX  ,0.0
  O OXX X,0.0
  O OXXOX,0.0
  O OXXX ,0.0
  O OXXXO,0.0
  O X    ,0.0
  O X   X,0.0
  O X  OX,0.0
  O X  X ,0.0
  O X  XO,1.0
  O X O X,0.0
  O X OX ,0.0
  O X X  ,0.0
  O X X O,0.0
  O X XOX,0.0
  O X XXO,-1.0
  O XO  X,1.0
  O XO XX,0.0
  O XOX  ,0.0
  O XOXX ,-1.0
  O XOXXO,-1.0
  O XX   ,0.0
  O XX OX,0.0
  O XXO  ,1.0
  OO   XX,1.0
  OO  XX ,1.0
  OO  XXX,1.0
  OO X  X,0.0
  OO XX  ,0.0
  OO XXOX,0.0
  OO XXXO,0.0
  OOOXX X,0.0
  OOOXXX ,0.0
  OOX   X,0.0
  OOX  X ,1.0
  OOX X  ,0.0
  OOX X X,0.0
  OOX XOX,0.0
  OOX XXO,0.0
  OOXOXX ,0.0
  OOXX   ,0.0
  OOXX  X,0.0
  OOXX OX,1.0
  OOXX X ,0.0
  OOXXO X,0.0
  OOXXOXX,-1.0
  OOXXX  ,0.0
  OOXXX O,0.0
  OOXXXO ,0.0
  OOXXXXO,0.0
  OX     ,0.0
  OX    X,0.0
  OX   OX,0.0
  OX   X ,0.0
  OX   XO,0.0
  OX  O X,0.0
  OX  OX ,0.0
  OX  OXX,0.0
  OX  X  ,0.0
  OX  X O,0.0
  OX  XO ,0.0
  OX  XOX,0.0
  OX  XXO,-1.0
  OX O  X,0.0
  OX O XX,0.0
  OX OX  ,0.0
  OX OX X,0.0
  OX OXOX,1.0
  OX OXX ,0.0
  OX OXXO,-1.0
  OX X   ,0.0
  OX X  O,0.0
  OX X O ,0.0
  OX XO  ,1.0
  OX XO X,0.0
  OX XX O,0.0
  OX XXO ,0.0
  OXO   X,0.0
  OXO  X ,0.0
  OXO OXX,-1.0
  OXO X  ,1.0
  OXO XOX,1.0
  OXO XX ,0.0
  OXO XXO,0.0
  OXOO XX,1.0
  OXOOXX ,0.0
  OXOOXXX,1.0
  OXOXX  ,0.0
  OXOXXO ,0.0
  OXOXXXO,0.0
  OXX    ,0.0
  OXX   O,0.0
  OXX  O ,0.0
  OXX  XO,0.0
  OXX O  ,1.0
  OXX O X,0.0
  OXX OOX,1.0
  OXX OX ,0.0
  OXX X O,-1.0
  OXXO   ,0.0
  OXXO OX,0.0
  OXXOO X,0.0
  OXXOX  ,-1.0
  OXXOX O,-1.0
  OXXXO  ,1.0
  OXXXOOX,1.0
  X      ,0.0
  X     O,0.0
  X    O ,0.0
  X    OX,0.0
  X    XO,0.0
  X   O  ,0.0
  X   O X,0.0
  X   OOX,1.0
  X   OX ,0.0
  X   X O,0.0
  X   XO ,0.0
  X   XOO,0.0
  X  O   ,0.0
  X  O  X,0.0
  X  O OX,0.0
  X  O X ,0.0
  X  OO X,0.0
  X  OOX ,0.0
  X  OOXX,0.0
  X  OX  ,0.0
  X  OX O,1.0
  X  OXOX,0.0
  X  X  O,0.0
  X  X O ,0.0
  X  X OO,0.0
  X  XO  ,0.0
  X  XO O,0.0
  X  XOO ,1.0
  X  XOOX,1.0
  X  XOXO,0.0
  X  XXOO,0.0
  X O    ,0.0
  X O   X,0.0
  X O  OX,0.0
  X O  X ,0.0
  X O  XO,0.0
  X O O X,1.0
  X O OX ,0.0
  X O X  ,0.0
  X O X O,0.0
  X O XO ,0.0
  X O XXO,0.0
  X OOX  ,0.0
  X OOX X,-1.0
  X OOXX ,0.0
  X OX   ,0.0
  X OX  O,0.0
  X OX XO,0.0
  X OXO  ,0.0
  X OXO X,1.0
  X OXOX ,0.0
  X OXX O,0.0
  X OXXO ,0.0
  X OXXOO,0.0
  X X   O,0.0
  X X  O ,0.0
  X X  OO,1.0
  X X O  ,0.0
  X X O O,0.0
  X X OO ,0.0
  X X XOO,1.0
  X XO   ,0.0
  X XO  O,1.0
  X XO O ,0.0
  X XO OX,0.0
  X XOO  ,0.0
  X XOO X,0.0
  X XOOX ,0.0
  X XOX O,1.0
  X XOXO ,1.0
  X XXOO ,-1.0
  X XXOOO,-1.0
  XO     ,0.0
  XO    X,0.0
  XO   X ,0.0
  XO   XO,0.0
  XO  O X,0.0
  XO  OX ,0.0
  XO  X  ,0.0
  XO  X O,0.0
  XO  XO ,1.0
  XO  XOX,0.0
  XO O  X,0.0
  XO OXOX,1.0
  XO OXX ,-1.0
  XO X   ,0.0
  XO X  O,0.0
  XO X XO,0.0
  XO XO  ,0.0
  XO XOX ,-1.0
  XO XX O,0.0
  XO XXOO,0.0
  XOO  X ,0.0
  XOO  XX,0.0
  XOO OXX,0.0
  XOO X  ,0.0
  XOO XX ,-1.0
  XOO XXO,0.0
  XOOOX X,-1.0
  XOOOXX ,-1.0
  XOOX XO,0.0
  XOOXOX ,0.0
  XOOXOXX,1.0
  XOOXX O,0.0
  XOX    ,0.0
  XOX  O ,1.0
  XOX  OX,0.0
  XOX O  ,0.0
  XOX O X,-1.0
  XOX XO ,1.0
  XOXO   ,0.0
  XOXO  X,0.0
  XOXO OX,0.0
  XOXO X ,0.0
  XOXOOX ,1.0
  XOXOX  ,1.0
  XOXOXOX,1.0
  XOXXOXO,0.0
  XX    O,0.0
  XX   O ,0.0
  XX   OO,0.0
  XX  O  ,0.0
  XX  OOX,0.0
  XX O   ,0.0
  XX O  O,0.0
  XX O O ,0.0
  XX O OX,0.0
  XX OO  ,0.0
  XX OOX ,0.0
  XX OX O,0.0
  XX OXO ,0.0
  XX X OO,0.0
  XX XOO ,0.0
  XXO    ,0.0
  XXO   O,0.0
  XXO  O ,0.0
  XXO  XO,0.0
  XXO O  ,0.0
  XXO O X,0.0
  XXO OOX,0.0
  XXO OX ,0.0
  XXO X O,0.0
  XXOO XO,0.0
  XXOOO X,0.0
  XXOOOX ,0.0
  XXOOX  ,0.0
  XXOOX O,0.0
  XXOOXO ,1.0
  XXOOXOX,0.0
  XXOOXXO,0.0
  XXOXO  ,0.0
  XXOXOO ,0.0
  XXOXXOO,0.0
  XXX  OO,0.0
  XXX OO ,0.0
  XXXO  O,0.0
  XXXOO  ,0.0
  XXXOOOX,0.0
 O      X,0.0
 O     X ,0.0
 O     XX,0.0
 O    OXX,0.0
 O    X  ,0.0
 O    X X,0.0
 O    XX ,0.0
 O   O XX,1.0
 O   OX X,1.0
 O   OXX ,1.0
 O   OXXX,1.0
 O   X   ,0.0
 O   X  X,0.0
 O   X X ,0.0
 O   X XO,0.0
 O   XOX ,0.0
 O   XX  ,0.0
 O   XX O,0.0
 O   XXO ,0.0
 O   XXOX,-1.0
 O  O  XX,0.0
 O  O X X,1.0
 O  O XXX,1.0
 O  OX  X,0.0
 O  OX X ,0.0
 O  OXXOX,-1.0
 O  OXXXO,0.0
 O  X    ,0.0
 O  X   X,0.0
 O  X  OX,1.0
 O  X  X ,0.0
 O  X  XO,0.0
 O  X O X,0.0
 O  X OX ,0.0
 O  X OXX,0.0
 O  X X  ,0.0
 O  X X O,0.0
 O  X XO ,0.0
 O  X XXO,0.0
 O  XO  X,0.0
 O  XO X ,0.0
 O  XO XX,0.0
 O  XOOXX,0.0
 O  XOX  ,1.0
 O  XOXX ,0.0
 O  XX   ,0.0
 O  XX  O,0.0
 O  XX O ,1.0
 O  XX XO,0.0
 O  XXO  ,1.0
 O  XXO X,0.0
 O  XXOOX,1.0
 O  XXOX ,0.0
 O  XXOXO,1.0
 O  XXX O,0.0
 O  XXXO ,0.0
 O  XXXOO,0.0
 O O  X X,1.0
 O O  XX ,0.0
 O O  XXX,1.0
 O O X X ,0.0
 O O X XX,0.0
 O O XX  ,0.0
 O OOX XX,0.0
 O OX  X ,0.0
 O OX XX ,0.0
 O OXO XX,0.0
 O OXOXX ,0.0
 O OXX   ,0.0
 O OXX X ,0.0
 O OXX XO,0.0
 O X     ,0.0
 O X    X,0.0
 O X   OX,0.0
 O X   X ,0.0
 O X   XO,0.0
 O X  OXX,0.0
 O X  X  ,0.0
 O X  X O,0.0
 O X  XO ,0.0
 O X  XOX,0.0
 O X  XXO,0.0
 O X O  X,0.0
 O X OX  ,0.0
 O X OX X,0.0
 O X X  O,0.0
 O X X O ,1.0
 O X X OX,0.0
 O X X XO,0.0
 O X XO  ,1.0
 O X XOX ,0.0
 O X XX O,0.0
 O X XXO ,-1.0
 O XO OXX,0.0
 O XO X  ,1.0
 O XOO XX,0.0
 O XOXOXX,0.0
 O XOXX  ,0.0
 O XOXXO ,-1.0
 O XOXXXO,-1.0
 O XX    ,0.0
 O XX   O,1.0
 O XX  O ,0.0
 O XX  OX,0.0
 O XX  XO,0.0
 O XX O  ,0.0
 O XX OOX,0.0
 O XX OXO,0.0
 O XXO   ,0.0
 O XXO  X,0.0
 O XXO X ,0.0
 O XXO XO,0.0
 O XXOO X,1.0
 O XXOOX ,0.0
 O XXOOXX,0.0
 O XXOX  ,0.0
 O XXOX O,0.0
 O XXOXXO,0.0
 O XXX  O,1.0
 O XXX O ,1.0
 O XXXO  ,1.0
 O XXXOOX,1.0
 O XXXOXO,1.0
 O XXXXOO,1.0
 OO    XX,1.0
 OO   X X,1.0
 OO   XX ,1.0
 OO   XXX,1.0
 OO  X  X,0.0
 OO  X X ,0.0
 OO  XX  ,0.0
 OO  XXX ,0.0
 OO  XXXO,0.0
 OO OXXX ,0.0
 OO OXXXX,1.0
 OO X   X,1.0
 OO X X  ,0.0
 OO X X X,0.0
 OO XO XX,0.0
 OO XOX X,1.0
 OO XOXXX,1.0
 OO XX   ,0.0
 OO XX  X,-1.0
 OO XX X ,0.0
 OO XXO X,0.0
 OO XXXO ,0.0
 OO XXXOX,0.0
 OOOXX  X,0.0
 OOOXXXOX,0.0
 OOOXXXXO,0.0
 OOX    X,0.0
 OOX   X ,0.0
 OOX   XX,0.0
 OOX  X  ,1.0
 OOX  XX ,0.0
 OOX  XXO,1.0
 OOX O XX,0.0
 OOX OX X,0.0
 OOX OXXX,1.0
 OOX X  X,0.0
 OOX X OX,0.0
 OOX X X ,0.0
 OOX XOX ,1.0
 OOX XX O,1.0
 OOX XXOX,-1.0
 OOXOX  X,0.0
 OOXOXX  ,0.0
 OOXOXX X,-1.0
 OOXOXXOX,-1.0
 OOXX    ,0.0
 OOXX   X,-1.0
 OOXX  XO,0.0
 OOXX OX ,0.0
 OOXX X O,0.0
 OOXXO XX,-1.0
 OOXXOOXX,0.0
 OOXXOX  ,0.0
 OOXXOX X,-1.0
 OOXXOXOX,0.0
 OOXXOXXO,-1.0
 OOXXXO X,1.0
 OOXXXOX ,1.0
 OOXXXX O,1.0
 OX      ,0.0
 OX     X,0.0
 OX    X ,0.0
 OX    XO,0.0
 OX   O X,0.0
 OX   X  ,0.0
 OX   X O,1.0
 OX   XO ,0.0
 OX  O  X,0.0
 OX  O XX,0.0
 OX  OX  ,1.0
 OX  OXOX,0.0
 OX  X   ,0.0
 OX  X  O,0.0
 OX  X O ,0.0
 OX  X OX,1.0
 OX  XOXO,0.0
 OX  XX O,0.0
 OX  XXO ,-1.0
 OX  XXOO,0.0
 OX O   X,0.0
 OX O  X ,0.0
 OX O X  ,0.0
 OX O X X,-1.0
 OX O XOX,-1.0
 OX O XX ,0.0
 OX OX   ,0.0
 OX OX  X,1.0
 OX OX X ,0.0
 OX OX XO,0.0
 OX OXOX ,0.0
 OX OXXO ,-1.0
 OX OXXXO,-1.0
 OX X    ,0.0
 OX X   O,1.0
 OX X  O ,0.0
 OX X  OX,0.0
 OX X OOX,1.0
 OX X X O,1.0
 OX XO   ,1.0
 OX XO OX,0.0
 OX XOO X,0.0
 OX XOX  ,1.0
 OX XX  O,0.0
 OX XX OO,0.0
 OX XXO  ,0.0
 OX XXOXO,0.0
 OXO    X,0.0
 OXO   X ,0.0
 OXO   XX,0.0
 OXO  OXX,0.0
 OXO  X  ,0.0
 OXO  X X,0.0
 OXO  XOX,0.0
 OXO  XX ,0.0
 OXO O XX,1.0
 OXO OXX ,1.0
 OXO OXXX,1.0
 OXO X   ,0.0
 OXO X X ,0.0
 OXO X XO,0.0
 OXO XOX ,0.0
 OXO XX  ,0.0
 OXO XX O,0.0
 OXO XXXO,0.0
 OXOO X X,0.0
 OXOOXXXO,0.0
 OXOX    ,0.0
 OXOX  X ,0.0
 OXOX XOX,1.0
 OXOXO XX,0.0
 OXOXX   ,0.0
 OXOXX  O,0.0
 OXOXX O ,0.0
 OXOXX OX,1.0
 OXOXX XO,0.0
 OXOXXO  ,0.0
 OXOXXOX ,0.0
 OXOXXOXO,0.0
 OXOXXX O,1.0
 OXX   O ,0.0
 OXX   XO,0.0
 OXX  XO ,0.0
 OXX O XO,0.0
 OXX OOX ,0.0
 OXX OOXX,0.0
 OXX OX  ,0.0
 OXX OX O,0.0
 OXX OXXO,0.0
 OXX X  O,0.0
 OXX X OO,0.0
 OXX XOXO,0.0
 OXXO    ,0.0
 OXXO   X,0.0
 OXXO  OX,-1.0
 OXXO  XO,0.0
 OXXO X  ,0.0
 OXXOO XX,0.0
 OXXOOOXX,0.0
 OXXOOXOX,-1.0
 OXXOOXXO,1.0
 OXXOX   ,0.0
 OXXOX  O,0.0
 OXXOX XO,-1.0
 OXXOXO  ,0.0
 OXXOXOX ,0.0
 OXXOXOXO,0.0
 OXXOXXOO,-1.0
 OXXXO OX,1.0
 OXXXO XO,0.0
 OXXXOOOX,1.0
 OXXXOOX ,0.0
 OXXXOOXO,0.0
 OXXXX OO,1.0
 X       ,0.0
 X      O,0.0
 X     O ,0.0
 X     OX,0.0
 X     XO,0.0
 X    O  ,0.0
 X    O X,0.0
 X    OOX,0.0
 X    OX ,0.0
 X    X O,0.0
 X    XO ,0.0
 X   O   ,0.0
 X   O  X,0.0
 X   O OX,0.0
 X   O X ,0.0
 X   O XO,1.0
 X   OO X,0.0
 X   OOX ,0.0
 X   OX  ,0.0
 X   OX O,0.0
 X   OXO ,0.0
 X   OXOX,0.0
 X   OXXO,0.0
 X   X  O,0.0
 X   X O ,0.0
 X   X OO,0.0
 X   XO  ,0.0
 X   XOXO,0.0
 X  O    ,0.0
 X  O   X,0.0
 X  O  OX,0.0
 X  O  X ,0.0
 X  O OX ,0.0
 X  O X  ,0.0
 X  O X O,0.0
 X  O XO ,0.0
 X  O XOX,0.0
 X  OO  X,0.0
 X  OO X ,0.0
 X  OOX X,0.0
 X  OOXOX,0.0
 X  OOXX ,0.0
 X  OX   ,0.0
 X  OX  O,0.0
 X  OX OX,0.0
 X  OX XO,0.0
 X  OXO  ,0.0
 X  OXOXO,0.0
 X  OXXO ,0.0
 X  X   O,0.0
 X  X  O ,0.0
 X  X  OO,0.0
 X  X O  ,0.0
 X  X OO ,0.0
 X  X OOX,0.0
 X  X XOO,0.0
 X  XO   ,0.0
 X  XO  O,0.0
 X  XO O ,0.0
 X  XO XO,1.0
 X  XOO  ,0.0
 X  XOO X,0.0
 X  XOOOX,0.0
 X  XOX O,0.0
 X  XOXO ,0.0
 X  XOXOO,0.0
 X  XX OO,-1.0
 X  XXOO ,0.0
 X  XXOOO,-1.0
 X O     ,0.0
 X O    X,0.0
 X O   OX,0.0
 X O   X ,0.0
 X O   XO,1.0
 X O  O X,0.0
 X O  OX ,1.0
 X O  X  ,0.0
 X O  XO ,0.0
 X O  XOX,0.0
 X O O  X,0.0
 X O O X ,1.0
 X O O XX,0.0
 X O OOXX,1.0
 X O OX  ,0.0
 X O OXXO,1.0
 X O X   ,0.0
 X O X  O,0.0
 X O X O ,0.0
 X O X XO,0.0
 X O XO X,0.0
 X O XOX ,-1.0
 X O XOXO,0.0
 X O XXO ,0.0
 X O XXOO,0.0
 X OO  X ,0.0
 X OO X  ,0.0
 X OO X X,0.0
 X OO XOX,0.0
 X OOX   ,0.0
 X OOX  X,0.0
 X OOX OX,0.0
 X OOX X ,0.0
 X OOX XO,0.0
 X OOXO X,0.0
 X OOXXO ,0.0
 X OOXXOX,0.0
 X OX    ,0.0
 X OX   O,0.0
 X OX  O ,0.0
 X OX  XO,1.0
 X OX O  ,0.0
 X OX OOX,0.0
 X OX OX ,1.0
 X OX X O,0.0
 X OXO   ,1.0
 X OXO X ,1.0
 X OXOOXX,1.0
 X OXOX O,0.0
 X OXOXXO,1.0
 X OXX  O,0.0
 X OXXOXO,1.0
 X OXXXOO,0.0
 X X    O,0.0
 X X   O ,0.0
 X X  O  ,0.0
 X X  O O,0.0
 X X  OO ,0.0
 X X  OOX,0.0
 X X  OXO,0.0
 X X O   ,0.0
 X X O O ,0.0
 X X O OX,0.0
 X X OO  ,0.0
 X X OOOX,0.0
 X X OOX ,0.0
 X X OXO ,0.0
 X X X OO,0.0
 X X XOO ,0.0
 X XO    ,0.0
 X XO   O,0.0
 X XO  O ,0.0
 X XO  OX,0.0
 X XO  XO,-1.0
 X XO O  ,0.0
 X XO O X,-1.0
 X XO OOX,0.0
 X XO OX ,0.0
 X XO OXO,0.0
 X XOO X ,0.0
 X XOOOX ,0.0
 X XOOOXX,-1.0
 X XOOXO ,0.0
 X XOOXOX,0.0
 X XOX  O,0.0
 X XOX OO,0.0
 X XOXO  ,0.0
 X XOXOO ,0.0
 X XOXOXO,0.0
 X XOXXOO,0.0
 X XX OO ,0.0
 X XXO  O,0.0
 X XXO O ,0.0
 X XXO OO,0.0
 X XXOO  ,0.0
 X XXOO O,0.0
 X XXOOO ,0.0
 X XXOOOX,0.0
 X XXOXOO,0.0
 XO      ,0.0
 XO     X,0.0
 XO    X ,0.0
 XO    XO,1.0
 XO   O X,0.0
 XO   X  ,0.0
 XO   X O,0.0
 XO   XO ,0.0
 XO   XOX,0.0
 XO  O  X,0.0
 XO  O X ,0.0
 XO  O XX,0.0
 XO  OOXX,0.0
 XO  OX  ,0.0
 XO  OX X,0.0
 XO  OXOX,1.0
 XO  X   ,0.0
 XO  X OX,0.0
 XO  XO X,0.0
 XO  XX O,0.0
 XO  XXOO,0.0
 XO O   X,0.0
 XO O  X ,0.0
 XO O  XX,0.0
 XO O OXX,-1.0
 XO O X  ,0.0
 XO O XX ,0.0
 XO O XXO,0.0
 XO OOX X,0.0
 XO OOXX ,0.0
 XO OX   ,0.0
 XO OX OX,0.0
 XO OXX  ,0.0
 XO OXX O,0.0
 XO OXXOX,0.0
 XO OXXXO,-1.0
 XO X    ,0.0
 XO X  OX,0.0
 XO X  XO,1.0
 XO X OOX,0.0
 XO X XOO,0.0
 XO XO   ,0.0
 XO XOOXX,1.0
 XO XOXOX,0.0
 XO XXOO ,1.0
 XO XXOOX,0.0
 XO XXXOO,0.0
 XOO    X,0.0
 XOO   X ,1.0
 XOO  X  ,0.0
 XOO  XOX,0.0
 XOO X   ,0.0
 XOO X  X,0.0
 XOO X OX,0.0
 XOO X X ,0.0
 XOO X XO,0.0
 XOO XO X,0.0
 XOO XX  ,0.0
 XOO XX O,0.0
 XOO XXOX,0.0
 XOOO XX ,0.0
 XOOO XXX,1.0
 XOOOX  X,0.0
 XOOOX X ,0.0
 XOOOX XX,0.0
 XOOOXOXX,-1.0
 XOOOXX  ,0.0
 XOOOXX X,0.0
 XOOOXXOX,0.0
 XOOX    ,1.0
 XOOX   X,0.0
 XOOX  X ,1.0
 XOOX O X,0.0
 XOOX X  ,0.0
 XOOX X O,0.0
 XOOX XOX,0.0
 XOOXO  X,0.0
 XOOXOX X,0.0
 XOOXOXOX,1.0
 XOOXOXX ,1.0
 XOOXX   ,0.0
 XOOXXO  ,0.0
 XOOXXO X,0.0
 XOOXXOOX,1.0
 XOOXXX O,0.0
 XOOXXXOO,0.0
 XOX     ,0.0
 XOX    O,0.0
 XOX   O ,0.0
 XOX   OX,0.0
 XOX   XO,-1.0
 XOX  O  ,0.0
 XOX  O X,0.0
 XOX  OOX,0.0
 XOX O   ,0.0
 XOX O  X,0.0
 XOX O OX,0.0
 XOX O X ,-1.0
 XOX O XO,-1.0
 XOX OO X,0.0
 XOX OOXX,0.0
 XOX OX  ,0.0
 XOX OX O,-1.0
 XOX OXO ,0.0
 XOX OXOX,0.0
 XOX X OO,0.0
 XOX XO  ,0.0
 XOX XOO ,1.0
 XOX XXOO,0.0
 XOXO    ,0.0
 XOXO   X,-1.0
 XOXO  OX,0.0
 XOXO  X ,0.0
 XOXO  XO,0.0
 XOXO O X,-1.0
 XOXO XXO,-1.0
 XOXOOOXX,-1.0
 XOXOOXOX,1.0
 XOXOOXX ,0.0
 XOXOX OX,0.0
 XOXOXO  ,-1.0
 XOXOXOXO,-1.0
 XOXX   O,-1.0
 XOXX OOX,0.0
 XOXXO  O,-1.0
 XOXXO O ,0.0
 XOXXOO X,1.0
 XOXXOOOX,1.0
 XOXXOXO ,-1.0
 XOXXOXOO,-1.0
 XOXXXOO ,1.0
 XX     O,0.0
 XX    O ,0.0
 XX    OO,0.0
 XX   O  ,0.0
 XX   O O,0.0
 XX   OOX,0.0
 XX   OXO,0.0
 XX  O   ,0.0
 XX  O  O,1.0
 XX  O O ,0.0
 XX  O XO,0.0
 XX  OO X,0.0
 XX  OOOX,0.0
 XX  OOX ,0.0
 XX  OOXO,1.0
 XX  OX O,0.0
 XX  OXOO,0.0
 XX  X OO,0.0
 XX  XOOO,-1.0
 XX O    ,0.0
 XX O   O,0.0
 XX O  OX,0.0
 XX O  XO,0.0
 XX O O  ,1.0
 XX O OOX,0.0
 XX O OX ,0.0
 XX O OXO,0.0
 XX O X O,0.0
 XX O XOO,1.0
 XX OO   ,1.0
 XX OO OX,0.0
 XX OOX  ,-1.0
 XX OOXOX,0.0
 XX OX  O,0.0
 XX OX OO,1.0
 XX X O O,0.0
 XX XO  O,0.0
 XX XO O ,0.0
 XX XOO  ,0.0
 XX XOO O,0.0
 XX XOOOX,0.0
 XX XOOXO,1.0
 XXO     ,0.0
 XXO    O,1.0
 XXO   XO,0.0
 XXO  O  ,1.0
 XXO  O X,0.0
 XXO O   ,0.0
 XXO O  X,0.0
 XXO O OX,0.0
 XXO O XO,0.0
 XXO OO X,0.0
 XXO OOX ,0.0
 XXO X  O,0.0
 XXO XO  ,0.0
 XXO XOO ,0.0
 XXO XXOO,0.0
 XXOO    ,0.0
 XXOO  X ,0.0
 XXOO  XO,0.0
 XXOO O X,1.0
 XXOO OXX,0.0
 XXOO X  ,-1.0
 XXOO XOX,0.0
 XXOOOOXX,-1.0
 XXOOOX  ,-1.0
 XXOOOXOX,-1.0
 XXOOX  O,0.0
 XXOOX OX,1.0
 XXOOX XO,-1.0
 XXOOXO X,1.0
 XXOOXX O,-1.0
 XXOX  O ,0.0
 XXOX  OO,0.0
 XXOX O  ,-1.0
 XXOX O O,0.0
 XXOX OXO,1.0
 XXOXO   ,0.0
 XXOXO  O,0.0
 XXOXO OX,0.0
 XXOXOOOX,1.0
 XXOXOOX ,1.0
 XXOXOX O,1.0
 XXX   OO,0.0
 XXX  O O,0.0
 XXX O  O,0.0
 XXX O O ,0.0
 XXX O OO,0.0
 XXX OO  ,0.0
 XXX OOOX,0.0
 XXX OOXO,1.0
 XXX OXOO,0.0
 XXXO   O,0.0
 XXXO  O ,0.0
 XXXO  OO,0.0
 XXXO O  ,0.0
 XXXO O O,1.0
 XXXO OOX,0.0
 XXXO OXO,0.0
 XXXOO O ,0.0
 XXXOO OX,0.0
 XXXOO XO,0.0
 XXXOOO  ,0.0
 XXXOOOOX,1.0
 XXXOOOX ,0.0
 XXXOOOXO,1.0
 XXXOOX O,0.0
 XXXOOXO ,0.0
 XXXOOXOO,1.0
 XXXOX OO,-1.0
 XXXOXOO ,0.0
 XXXOXOOO,-1.0
 XXXXO OO,0.0
 XXXXOO O,-1.0
 XXXXOOOO,-1.0
O       X,0.0
O      X ,0.0
O      XX,0.0
O     OXX,0.0
O     X  ,0.0
O     X X,0.0
O     XOX,0.0
O     XX ,0.0
O     XXO,0.0
O    O XX,0.0
O    OX X,0.0
O    OXX ,0.0
O    X   ,0.0
O    X  X,0.0
O    X X ,0.0
O    X XO,0.0
O    XO X,1.0
O    XX  ,0.0
O    XX O,0.0
O   O X X,0.0
O   O XX ,0.0
O   OX  X,0.0
O   OXX  ,0.0
O   OXX X,0.0
O   OXXOX,0.0
O   X    ,0.0
O   X   X,0.0
O   X  OX,0.0
O   X  X ,0.0
O   X  XO,0.0
O   X O X,0.0
O   X OX ,0.0
O   X OXX,-1.0
O   X X  ,0.0
O   X XO ,0.0
O   X XOX,0.0
O   XO  X,0.0
O   XO XX,0.0
O   XOX  ,1.0
O   XOX X,0.0
O   XOXOX,0.0
O   XX   ,0.0
O   XX  O,0.0
O   XX XO,0.0
O   XXO  ,1.0
O   XXO X,0.0
O   XXOXO,0.0
O  O  X X,0.0
O  O  XX ,0.0
O  O X  X,0.0
O  O X XX,0.0
O  O XX  ,0.0
O  O XXX ,0.0
O  OOXX X,0.0
O  OX   X,0.0
O  OX  X ,1.0
O  OX  XX,0.0
O  OX OXX,-1.0
O  OX X  ,1.0
O  OXO XX,0.0
O  OXOX X,0.0
O  OXXX  ,0.0
O  OXXX O,1.0
O  X     ,0.0
O  X    X,0.0
O  X   X ,0.0
O  X   XO,0.0
O  X  O X,0.0
O  X  OX ,0.0
O  X  X  ,0.0
O  X  XO ,0.0
O  X  XOX,0.0
O  X  XXO,0.0
O  X O  X,0.0
O  X O X ,0.0
O  X O XX,0.0
O  X OX  ,0.0
O  X OX X,0.0
O  X OXOX,0.0
O  X X   ,0.0
O  X X O ,1.0
O  X X XO,0.0
O  X XO  ,1.0
O  X XO X,0.0
O  X XOXO,1.0
O  X XX O,-1.0
O  XO   X,0.0
O  XO  X ,0.0
O  XO X  ,0.0
O  XO X X,0.0
O  XO XX ,0.0
O  XOOX X,0.0
O  XOOXXX,1.0
O  XOX  X,0.0
O  XOX OX,1.0
O  XOXO X,0.0
O  XOXX  ,0.0
O  XOXX O,-1.0
O  XX    ,0.0
O  XX   O,0.0
O  XX  O ,0.0
O  XX  XO,0.0
O  XX OX ,0.0
O  XX OXO,0.0
O  XX X O,0.0
O  XX XO ,0.0
O  XX XOO,0.0
O  XXO X ,0.0
O  XXO XO,0.0
O  XXX O ,1.0
O  XXXO  ,1.0
O  XXXOXO,1.0
O O    XX,0.0
O O   X X,0.0
O O   XXX,1.0
O O  X  X,0.0
O O  X X ,0.0
O O  X XX,0.0
O O  XOXX,0.0
O O  XX  ,0.0
O O  XX X,0.0
O O  XXOX,0.0
O O OX XX,0.0
O O X   X,0.0
O O X  X ,0.0
O O X X  ,0.0
O O X X X,0.0
O O X XX ,0.0
O O X XXO,0.0
O O XO XX,1.0
O O XOX X,1.0
O O XOXXX,1.0
O O XX   ,0.0
O O XX XO,1.0
O O XXO X,0.0
O O XXOXX,-1.0
O O XXX  ,0.0
O O XXXO ,0.0
O O XXXXO,0.0
O OO XXX ,0.0
O OO XXXX,1.0
O OOX X X,0.0
O OOX XXX,1.0
O OOXX X ,1.0
O OOXXOXX,-1.0
O OOXXX  ,0.0
O OOXXX X,0.0
O OOXXXOX,0.0
O OX   X ,0.0
O OX  X  ,0.0
O OX  X X,0.0
O OX  XOX,0.0
O OX  XXO,0.0
O OX O XX,0.0
O OX OX X,0.0
O OX OXX ,0.0
O OX X   ,0.0
O OX X X ,0.0
O OX X XO,1.0
O OX XO X,0.0
O OX XOXX,0.0
O OX XX  ,0.0
O OX XXO ,1.0
O OX XXOX,0.0
O OX XXXO,-1.0
O OXO XX ,0.0
O OXOXXOX,0.0
O OXOXXX ,0.0
O OXOXXXO,-1.0
O OXX    ,0.0
O OXX   X,0.0
O OXX  X ,-1.0
O OXX  XO,1.0
O OXX OX ,1.0
O OXX X  ,0.0
O OXX XO ,0.0
O OXX XOX,0.0
O OXXOX X,-1.0
O OXXOXOX,0.0
O OXXOXX ,0.0
O OXXX XO,1.0
O OXXXO X,1.0
O OXXXXO ,1.0
O X      ,0.0
O X     X,0.0
O X    OX,1.0
O X    X ,0.0
O X    XO,0.0
O X   O X,0.0
O X   OX ,0.0
O X   OXX,0.0
O X   X  ,0.0
O X   X O,0.0
O X   XO ,0.0
O X   XOX,0.0
O X   XXO,0.0
O X  O  X,0.0
O X  O X ,0.0
O X  OOXX,0.0
O X  OX  ,1.0
O X  OXX ,0.0
O X  OXXO,0.0
O X  X   ,0.0
O X  X  O,0.0
O X  X O ,1.0
O X  X OX,1.0
O X  XO  ,1.0
O X  XO X,1.0
O X  XX O,0.0
O X  XXOO,0.0
O X O  X ,0.0
O X O OXX,0.0
O X O XX ,-1.0
O X O XXO,-1.0
O X OOXX ,0.0
O X OX   ,0.0
O X OX X ,0.0
O X OXOXX,1.0
O X OXXO ,0.0
O X X    ,0.0
O X X   O,0.0
O X X  O ,0.0
O X X  XO,0.0
O X X O  ,0.0
O X X O X,0.0
O X X OX ,0.0
O X X OXO,1.0
O X XO   ,0.0
O X XO  X,0.0
O X XO X ,0.0
O X XO XO,1.0
O X XOO X,0.0
O X XOOXX,0.0
O X XOX  ,1.0
O X XOXXO,1.0
O X XX  O,0.0
O X XX O ,0.0
O XO   X ,0.0
O XO  X  ,1.0
O XO  XOX,1.0
O XO  XX ,0.0
O XO OXX ,0.0
O XO OXXX,1.0
O XO X   ,1.0
O XO X  X,1.0
O XO XOX ,-1.0
O XO XX  ,0.0
O XO XX O,1.0
O XOO XX ,0.0
O XOOX X ,0.0
O XOOX XX,1.0
O XOOXX  ,0.0
O XOOXXX ,0.0
O XOOXXXO,-1.0
O XOX    ,1.0
O XOX   X,0.0
O XOX  OX,0.0
O XOX O X,-1.0
O XOX OX ,-1.0
O XOX X  ,1.0
O XOX XOX,1.0
O XOXO X ,0.0
O XOXOOXX,-1.0
O XOXOX X,1.0
O XOXXOXO,-1.0
O XOXXX O,1.0
O XX     ,0.0
O XX    O,0.0
O XX  O  ,0.0
O XX  O X,0.0
O XX  OOX,0.0
O XX  X O,0.0
O XX  XO ,0.0
O XX O   ,0.0
O XX O  X,0.0
O XX O OX,0.0
O XX O X ,0.0
O XX OOX ,0.0
O XX OX O,1.0
O XX OXO ,0.0
O XX OXOX,0.0
O XX XO  ,0.0
O XXO    ,0.0
O XXO   X,0.0
O XXO  OX,0.0
O XXO  X ,0.0
O XXO X  ,0.0
O XXO XO ,0.0
O XXOO  X,0.0
O XXOO X ,0.0
O XXOO XX,0.0
O XXOOOXX,0.0
O XXOOX X,0.0
O XXOOXOX,0.0
O XXOOXX ,-1.0
O XXOOXXO,-1.0
O XXOX   ,0.0
O XXOX OX,1.0
O XXOXO  ,0.0
O XXOXO X,1.0
O XXOXXO ,-1.0
O XXX   O,0.0
O XXX  OO,0.0
O XXX O O,0.0
O XXX OO ,0.0
O XXX OOX,0.0
O XXX OXO,0.0
O XXXO   ,0.0
O XXXO  O,0.0
O XXXO XO,0.0
O XXXOO  ,0.0
O XXXOO X,0.0
O XXXOOOX,0.0
O XXXOOX ,0.0
O XXXOX O,1.0
O XXXX OO,1.0
OO     XX,1.0
OO    X X,0.0
OO    XX ,1.0
OO    XXX,1.0
OO   X  X,1.0
OO   X X ,0.0
OO   XX X,0.0
OO   XXX ,0.0
OO  OXX X,0.0
OO  X   X,0.0
OO  X  X ,0.0
OO  X X  ,0.0
OO  X X X,0.0
OO  X XX ,0.0
OO  X XXO,1.0
OO  XO XX,0.0
OO  XOX X,0.0
OO  XOXX ,0.0
OO  XX   ,0.0
OO  XX  X,0.0
OO  XX X ,0.0
OO  XX XO,1.0
OO  XXOX ,0.0
OO  XXOXX,-1.0
OO  XXX  ,0.0
OO  XXX O,0.0
OO O X XX,0.0
OO O XXX ,0.0
OO OX XX ,0.0
OO OXX X ,0.0
OO OXX XX,0.0
OO OXXOXX,-1.0
OO OXXXX ,-1.0
OO X    X,0.0
OO X  X  ,0.0
OO X  X X,-1.0
OO X  XOX,0.0
OO X  XX ,0.0
OO X OX X,0.0
OO X OXX ,0.0
OO X OXXX,1.0
OO X X   ,0.0
OO X X XO,1.0
OO X XOX ,0.0
OO X XX O,0.0
OO X XXXO,0.0
OO XO X X,0.0
OO XO XX ,1.0
OO XO XXX,1.0
OO XOXOXX,1.0
OO XOXX X,0.0
OO XOXXXO,-1.0
OO XX  X ,0.0
OO XX  XO,1.0
OO XX X O,1.0
OO XX XO ,1.0
OO XX XOX,0.0
OO XXO X ,0.0
OO XXO XX,-1.0
OO XXOX X,-1.0
OO XXOXOX,0.0
OO XXOXXO,0.0
OO XXX XO,1.0
OO XXXX O,1.0
OOO XX  X,-1.0
OOO XX X ,-1.0
OOO XXOXX,-1.0
OOO XXXXO,-1.0
OOOOXXX X,-1.0
OOOOXXXX ,-1.0
OOOX  X X,-1.0
OOOX XOXX,-1.0
OOOXOXX X,-1.0
OOOXOXXX ,-1.0
OOOXX   X,-1.0
OOOXX  X ,-1.0
OOOXX X  ,-1.0
OOOXXO XX,-1.0
OOOXXOX X,-1.0
OOOXXOXX ,-1.0
OOX     X,0.0
OOX    X ,0.0
OOX    XX,0.0
OOX   X  ,0.0
OOX   X X,0.0
OOX   XXO,1.0
OOX  OX X,1.0
OOX  X   ,0.0
OOX  X  X,1.0
OOX O XX ,0.0
OOX O XXX,1.0
OOX OX X ,0.0
OOX OX XX,1.0
OOX OXXX ,0.0
OOX OXXXO,-1.0
OOX X    ,0.0
OOX X   X,0.0
OOX X  X ,0.0
OOX X  XO,0.0
OOX X O X,0.0
OOX X XXO,1.0
OOX XO  X,1.0
OOX XO X ,1.0
OOX XO XX,0.0
OOX XOX X,1.0
OOX XOXX ,1.0
OOX XX  O,0.0
OOX XX O ,1.0
OOX XX XO,0.0
OOX XXO X,1.0
OOX XXOX ,-1.0
OOX XXOXO,1.0
OOXO   XX,1.0
OOXO X XX,1.0
OOXOX   X,0.0
OOXOX  X ,0.0
OOXOX  XX,0.0
OOXOX OXX,-1.0
OOXOXO XX,1.0
OOXOXOXXX,1.0
OOXOXX X ,-1.0
OOXOXX XO,1.0
OOXOXXOX ,-1.0
OOXOXXXXO,1.0
OOXX    X,0.0
OOXX   X ,0.0
OOXX   XO,0.0
OOXX  X  ,0.0
OOXX  XO ,0.0
OOXX O  X,0.0
OOXX O X ,0.0
OOXX O XX,0.0
OOXX OOXX,0.0
OOXX OX  ,0.0
OOXX OXX ,0.0
OOXX X   ,0.0
OOXX X O ,0.0
OOXX X XO,-1.0
OOXX XO  ,0.0
OOXX XOX ,0.0
OOXX XOXO,1.0
OOXXO  X ,0.0
OOXXO  XX,0.0
OOXXO X  ,0.0
OOXXO X X,-1.0
OOXXO XOX,-1.0
OOXXO XX ,0.0
OOXXOO XX,1.0
OOXXOOX X,1.0
OOXXOOXX ,1.0
OOXXOOXXX,1.0
OOXXOX X ,-1.0
OOXXOX XO,-1.0
OOXXOXOX ,1.0
OOXXOXOXX,1.0
OOXXOXX  ,-1.0
OOXXOXXO ,-1.0
OOXXX    ,0.0
OOXXX   O,0.0
OOXXX OXO,0.0
OOXXX X O,1.0
OOXXX XO ,1.0
OOXXXO   ,0.0
OOXXXO  X,0.0
OOXXXO OX,1.0
OOXXXO XO,1.0
OOXXXOO X,0.0
OOXXXOOX ,0.0
OOXXXOOXX,0.0
OOXXXOXOX,1.0
OOXXXOXXO,1.0
OOXXXX O ,1.0
OOXXXXOXO,1.0
OX       ,0.0
OX      X,0.0
OX     X ,0.0
OX     XO,1.0
OX    O X,0.0
OX    OX ,0.0
OX    X  ,0.0
OX    X O,0.0
OX   O  X,0.0
OX   OX  ,0.0
OX   OXX ,0.0
OX   X   ,0.0
OX   X  O,0.0
OX   X XO,-1.0
OX   XO  ,0.0
OX   XO X,0.0
OX   XOX ,0.0
OX   XOXO,0.0
OX   XX O,-1.0
OX  O  X ,0.0
OX  O  XX,0.0
OX  O X  ,0.0
OX  O X X,0.0
OX  O XOX,0.0
OX  O XX ,0.0
OX  OO XX,0.0
OX  OOX X,0.0
OX  OOXX ,1.0
OX  OOXXX,1.0
OX  OX   ,0.0
OX  OX X ,-1.0
OX  OX XO,-1.0
OX  OXX  ,-1.0
OX  OXX O,-1.0
OX  OXXOX,0.0
OX  X    ,0.0
OX  X  O ,0.0
OX  X  XO,1.0
OX  X O  ,0.0
OX  XO   ,0.0
OX  XO  X,0.0
OX  XOO X,0.0
OX  XOOXX,1.0
OX  XOX  ,0.0
OX  XOXOX,0.0
OX  XX O ,0.0
OX  XX OO,0.0
OX  XXO  ,0.0
OX  XXOO ,0.0
OX  XXOXO,1.0
OX O   X ,1.0
OX O  X  ,0.0
OX O  X X,0.0
OX O  XOX,0.0
OX O OXX ,0.0
OX O X   ,0.0
OX O X  X,0.0
OX O X X ,0.0
OX O XOX ,-1.0
OX O XX  ,0.0
OX OOXX X,1.0
OX OOXXOX,1.0
OX OX  X ,1.0
OX OX X O,0.0
OX OXO XX,1.0
OX OXOXOX,0.0
OX OXOXX ,1.0
OX OXX  O,0.0
OX OXXX O,0.0
OX OXXXOO,1.0
OX X     ,0.0
OX X    O,0.0
OX X   O ,0.0
OX X   OX,0.0
OX X   XO,0.0
OX X  O  ,0.0
OX X  O X,0.0
OX X  OOX,0.0
OX X  OX ,0.0
OX X  OXO,0.0
OX X  X O,0.0
OX X  XO ,0.0
OX X  XOO,0.0
OX X O   ,0.0
OX X O  X,0.0
OX X O OX,0.0
OX X OO X,0.0
OX X OOXX,0.0
OX X OX  ,0.0
OX X OX O,0.0
OX X OXO ,0.0
OX X OXOX,0.0
OX X XOO ,0.0
OX X XOOX,1.0
OX XO    ,0.0
OX XO   X,0.0
OX XO  OX,0.0
OX XO  X ,-1.0
OX XO  XO,-1.0
OX XO O X,0.0
OX XO X  ,0.0
OX XO XO ,0.0
OX XOOOXX,0.0
OX XOOX  ,0.0
OX XOOXOX,0.0
OX XOOXX ,0.0
OX XOOXXO,-1.0
OX XOX   ,0.0
OX XOX O ,0.0
OX XOX OX,0.0
OX XOXO X,0.0
OX XOXOOX,1.0
OX XOXXO ,-1.0
OX XOXXOO,-1.0
OX XX O  ,0.0
OX XX OOX,0.0
OX XX OXO,1.0
OX XX XOO,0.0
OX XXO   ,0.0
OX XXO  O,0.0
OX XXOO  ,1.0
OX XXOO X,0.0
OX XXOOOX,0.0
OX XXOOX ,1.0
OX XXOX O,0.0
OX XXOXOO,1.0
OXO  OX X,0.0
OXO  OXXX,1.0
OXO  X   ,0.0
OXO  X  X,0.0
OXO  X X ,0.0
OXO  XO X,0.0
OXO  XOXX,-1.0
OXO  XX O,0.0
OXO  XXOX,0.0
OXO OX X ,0.0
OXO OX XX,0.0
OXO OXXOX,0.0
OXO OXXX ,-1.0
OXO OXXXO,-1.0
OXO X X  ,0.0
OXO X X O,0.0
OXO X XO ,0.0
OXO XO  X,0.0
OXO XO XX,1.0
OXO XOX  ,0.0
OXO XOXX ,1.0
OXO XX   ,0.0
OXO XX  O,0.0
OXO XXOOX,0.0
OXO XXX O,1.0
OXO XXXO ,0.0
OXO XXXOO,1.0
OXOO  X X,0.0
OXOO X  X,0.0
OXOO X X ,0.0
OXOO X XX,-1.0
OXOO XOXX,-1.0
OXOO XX  ,0.0
OXOO XX X,0.0
OXOO XXOX,0.0
OXOO XXX ,0.0
OXOOOX XX,1.0
OXOOOXX X,1.0
OXOOOXXX ,0.0
OXOOOXXXX,1.0
OXOOX X X,0.0
OXOOX XOX,0.0
OXOOXOX X,0.0
OXOOXOXXX,1.0
OXOOXX X ,1.0
OXOOXXO X,-1.0
OXOOXXX  ,0.0
OXOOXXX O,1.0
OXOOXXXO ,0.0
OXOOXXXOX,0.0
OXOOXXXXO,1.0
OXOX     ,0.0
OXOX    X,0.0
OXOX   OX,0.0
OXOX   X ,0.0
OXOX  O X,0.0
OXOX O  X,0.0
OXOX O X ,1.0
OXOX O XX,0.0
OXOX OOXX,1.0
OXOX OX X,0.0
OXOX OXOX,0.0
OXOX X OX,0.0
OXOX XO X,-1.0
OXOX XOOX,1.0
OXOX XXOO,1.0
OXOXO  X ,0.0
OXOXO  XX,0.0
OXOXO OXX,-1.0
OXOXO XX ,0.0
OXOXO XXO,-1.0
OXOXOOXX ,1.0
OXOXOOXXX,1.0
OXOXOX OX,0.0
OXOXOXO X,-1.0
OXOXOXXOX,0.0
OXOXX O  ,1.0
OXOXX OOX,1.0
OXOXX OX ,1.0
OXOXX XOO,1.0
OXOXXO  X,0.0
OXOXXO X ,1.0
OXOXXOO X,1.0
OXOXXOOXX,1.0
OXOXXOX O,-1.0
OXOXXOXOX,0.0
OXOXXX  O,1.0
OXOXXXOOX,1.0
OXOXXXXOO,1.0
OXX      ,0.0
OXX    O ,0.0
OXX    OX,0.0
OXX    XO,-1.0
OXX   O  ,0.0
OXX   OX ,0.0
OXX   OXO,1.0
OXX   X O,0.0
OXX   XO ,0.0
OXX  O   ,0.0
OXX  O  X,0.0
OXX  O OX,0.0
OXX  O X ,0.0
OXX  OO X,0.0
OXX  OOX ,0.0
OXX  OOXX,0.0
OXX  OXOX,0.0
OXX  XO  ,0.0
OXX  XOO ,0.0
OXX  XXOO,0.0
OXX O    ,0.0
OXX O  X ,-1.0
OXX O  XO,-1.0
OXX O OX ,0.0
OXX O OXX,0.0
OXX O X  ,0.0
OXX O XOX,0.0
OXX OO  X,0.0
OXX OO X ,0.0
OXX OO XX,0.0
OXX OOOXX,0.0
OXX OOX X,0.0
OXX OOXOX,0.0
OXX OOXX ,-1.0
OXX OOXXO,-1.0
OXX OXXOO,-1.0
OXX X  O ,0.0
OXX X O  ,0.0
OXX X OXO,1.0
OXX XO  O,0.0
OXX XO O ,0.0
OXX XO XO,1.0
OXX XOO X,0.0
OXX XOOOX,0.0
OXX XX OO,-1.0
OXX XXOO ,0.0
OXX XXOOO,-1.0
OXXO   X ,-1.0
OXXO  OX ,-1.0
OXXO  X O,1.0
OXXO  XO ,0.0
OXXO  XOX,0.0
OXXO O X ,1.0
OXXO OOXX,-1.0
OXXO X   ,0.0
OXXO X  O,0.0
OXXO X O ,0.0
OXXO X OX,1.0
OXXO X XO,0.0
OXXO XOXO,-1.0
OXXO XX O,-1.0
OXXO XXOO,0.0
OXXOO  X ,0.0
OXXOO X  ,0.0
OXXOO XOX,1.0
OXXOO XX ,-1.0
OXXOO XXO,-1.0
OXXOOOX X,-1.0
OXXOOOXX ,-1.0
OXXOOX X ,0.0
OXXOOX XO,-1.0
OXXOOXOX ,-1.0
OXXOOXX  ,-1.0
OXXOOXX O,-1.0
OXXOOXXOX,1.0
OXXOX  O ,1.0
OXXOX O  ,-1.0
OXXOX X O,1.0
OXXOX XO ,1.0
OXXOXO X ,1.0
OXXOXOO X,-1.0
OXXOXOXOX,1.0
OXXOXXXOO,1.0
OXXX    O,0.0
OXXX   OO,0.0
OXXX  O  ,0.0
OXXX  O O,0.0
OXXX  OO ,0.0
OXXX  OOX,0.0
OXXX  OXO,0.0
OXXX  XOO,0.0
OXXX O  O,0.0
OXXX O O ,0.0
OXXX O OX,0.0
OXXX O XO,-1.0
OXXX OOOX,0.0
OXXX OOX ,0.0
OXXX OOXO,1.0
OXXX OX O,0.0
OXXX OXO ,0.0
OXXX OXOO,1.0
OXXX XO O,-1.0
OXXX XOO ,0.0
OXXX XOOO,-1.0
OXXXO  OX,0.0
OXXXO O  ,0.0
OXXXO O X,0.0
OXXXO OOX,1.0
OXXXO XOO,-1.0
OXXXOO OX,0.0
OXXXOO X ,-1.0
OXXXOO XO,-1.0
OXXXOOO X,0.0
OXXXOOOX ,0.0
OXXXOOOXX,0.0
OXXXOOX  ,0.0
OXXXOOX O,-1.0
OXXXOOXO ,0.0
OXXXOOXOX,0.0
OXXXOXO  ,0.0
OXXXOXO O,-1.0
OXXXOXOOX,1.0
OXXXX  OO,-1.0
OXXXX O O,-1.0
OXXXX OO ,0.0
OXXXX OOO,-1.0
OXXXXO  O,0.0
OXXXXO O ,0.0
OXXXXOO O,1.0
OXXXXOOO ,0.0
OXXXXOOOX,0.0
OXXXXOOXO,1.0
OXXXXOXOO,1.0
X        ,0.0
X       O,0.0
X      O ,0.0
X      OX,0.0
X      XO,0.0
X     O  ,0.0
X     O X,0.0
X     X O,0.0
X     XO ,0.0
X    O   ,0.0
X    O  X,0.0
X    O OX,0.0
X    O X ,0.0
X    O XO,0.0
X    OOX ,0.0
X    OOXX,0.0
X    OX  ,0.0
X    OX O,0.0
X    OXO ,1.0
X    OXOX,0.0
X    OXXO,0.0
X    X  O,0.0
X    X O ,0.0
X    X OO,0.0
X    XO  ,0.0
X    XO O,0.0
X    XOO ,0.0
X   O    ,0.0
X   O   X,0.0
X   O  X ,0.0
X   O  XO,0.0
X   O O X,0.0
X   O OX ,0.0
X   O OXX,-1.0
X   O X  ,0.0
X   O X O,0.0
X   O XO ,0.0
X   O XOX,0.0
X   O XXO,0.0
X   OO  X,0.0
X   OO X ,0.0
X   OOOXX,0.0
X   OOX  ,0.0
X   OOXX ,0.0
X   OOXXO,0.0
X   OX   ,0.0
X   OX  O,0.0
X   OX O ,0.0
X   OX OX,0.0
X   OX XO,0.0
X   OXO  ,0.0
X   OXOOX,1.0
X   OXOX ,-1.0
X   OXOXO,0.0
X   X   O,0.0
X   X  O ,0.0
X   X  OO,0.0
X   X O  ,0.0
X   X O O,0.0
X   X OO ,1.0
X   X OOX,1.0
X   X OXO,0.0
X   XO   ,0.0
X   XO  O,0.0
X   XO O ,0.0
X   XO XO,0.0
X   XOO  ,0.0
X   XOO X,1.0
X   XOOX ,0.0
X   XX OO,0.0
X  O     ,0.0
X  O    X,0.0
X  O   OX,0.0
X  O   X ,0.0
X  O   XO,0.0
X  O  O X,0.0
X  O  OX ,0.0
X  O  X  ,0.0
X  O  X O,0.0
X  O  XO ,0.0
X  O O  X,1.0
X  O O X ,0.0
X  O O XX,0.0
X  O OX X,0.0
X  O OXX ,0.0
X  O OXXO,0.0
X  O X   ,0.0
X  O X O ,0.0
X  O X OX,0.0
X  O X XO,0.0
X  O XO  ,0.0
X  O XO X,0.0
X  O XX O,0.0
X  O XXO ,0.0
X  O XXOO,0.0
X  OO   X,0.0
X  OO  X ,0.0
X  OO X  ,0.0
X  OO X X,0.0
X  OO XX ,0.0
X  OO XXO,0.0
X  OOX   ,0.0
X  OOX OX,1.0
X  OOX X ,0.0
X  OOX XO,0.0
X  OOXX  ,0.0
X  OOXXXO,0.0
X  OX    ,0.0
X  OX   O,0.0
X  OX  O ,1.0
X  OX  OX,1.0
X  OX  XO,0.0
X  OX O  ,1.0
X  OX O X,1.0
X  OX OX ,0.0
X  OX OXO,0.0
X  OX X O,0.0
X  OX XOO,0.0
X  OXO  X,1.0
X  OXO X ,0.0
X  OXOOX ,1.0
X  OXOX O,0.0
X  OXOXXO,0.0
X  OXX OO,0.0
X  OXXO  ,0.0
X  OXXOO ,0.0
X  OXXXOO,0.0
X  X    O,0.0
X  X   O ,0.0
X  X   OO,1.0
X  X  O  ,0.0
X  X  OO ,0.0
X  X  XOO,1.0
X  X O   ,0.0
X  X O  O,0.0
X  X O O ,0.0
X  X O OX,0.0
X  X O XO,0.0
X  X OO X,0.0
X  X OOOX,0.0
X  X OX O,1.0
X  X OXO ,1.0
X  XO    ,0.0
X  XO   O,0.0
X  XO  O ,0.0
X  XO O  ,0.0
X  XO OX ,0.0
X  XOO  X,0.0
X  XOOXXO,1.0
X  XOX  O,0.0
X  XOX O ,-1.0
X  XOXO  ,0.0
X  XOXO O,0.0
X  XOXOO ,0.0
X  XOXOOX,0.0
X  XOXOXO,0.0
X  XX  OO,0.0
X  XX OO ,0.0
X  XXO  O,0.0
X  XXOO  ,0.0
X  XXOO O,0.0
X  XXOOXO,0.0
X O      ,0.0
X O     X,0.0
X O    OX,0.0
X O    X ,0.0
X O   O X,0.0
X O   OX ,0.0
X O   OXX,-1.0
X O   X  ,0.0
X O   X O,0.0
X O   XO ,0.0
X O   XOX,0.0
X O   XXO,0.0
X O  O  X,0.0
X O  OX  ,0.0
X O  OXOX,1.0
X O  OXX ,0.0
X O  X   ,0.0
X O  X  O,0.0
X O  X O ,0.0
X O  X OX,0.0
X O  X XO,0.0
X O  XO  ,0.0
X O  XO X,-1.0
X O  XOX ,-1.0
X O  XOXO,0.0
X O O   X,0.0
X O O  X ,0.0
X O O  XX,-1.0
X O O OXX,-1.0
X O O X  ,0.0
X O O XOX,0.0
X O O XX ,0.0
X O O XXO,0.0
X O OOXX ,0.0
X O OX OX,0.0
X O OXO X,-1.0
X O OXOX ,-1.0
X O X    ,0.0
X O X   O,0.0
X O X  O ,0.0
X O X O  ,0.0
X O X OX ,0.0
X O X OXO,0.0
X O X XO ,0.0
X O XO   ,0.0
X O XO  X,1.0
X O XO XO,-1.0
X O XOX  ,-1.0
X O XOX O,-1.0
X O XOXO ,1.0
X O XOXOX,1.0
X O XX  O,0.0
X O XX O ,0.0
X O XXO  ,0.0
X O XXO O,0.0
X O XXOXO,0.0
X OO  XXO,0.0
X OO O XX,0.0
X OO OX X,0.0
X OO OXX ,1.0
X OO OXXX,1.0
X OO X   ,0.0
X OO X  X,0.0
X OO X OX,0.0
X OO X XO,0.0
X OO XO X,0.0
X OO XX O,0.0
X OO XXO ,0.0
X OO XXXO,0.0
X OOO X X,0.0
X OOO XXX,1.0
X OOOX  X,0.0
X OOOX X ,0.0
X OOOXX X,0.0
X OOOXXOX,0.0
X OOOXXX ,0.0
X OOOXXXO,0.0
X OOX    ,0.0
X OOX X  ,0.0
X OOX XXO,0.0
X OOXOX  ,0.0
X OOXOXXO,-1.0
X OOXX O ,1.0
X OOXX OX,1.0
X OOXXO  ,0.0
X OOXXO X,1.0
X OOXXOXO,1.0
X OOXXXO ,0.0
X OOXXXOO,0.0
X OX     ,0.0
X OX    O,0.0
X OX   O ,0.0
X OX   OX,0.0
X OX   XO,0.0
X OX  OOX,0.0
X OX  OX ,0.0
X OX O   ,0.0
X OX O  X,0.0
X OX O OX,1.0
X OX OO X,0.0
X OX OXOX,1.0
X OX X  O,0.0
X OXO    ,1.0
X OXO   X,0.0
X OXO  OX,0.0
X OXO OX ,-1.0
X OXO X  ,1.0
X OXO XOX,1.0
X OXO XXO,1.0
X OXOO  X,0.0
X OXOO XX,-1.0
X OXOOOXX,-1.0
X OXOOXX ,1.0
X OXOX OX,-1.0
X OXOXXO ,1.0
X OXX  O ,0.0
X OXX O  ,0.0
X OXX OXO,0.0
X OXXO O ,1.0
X OXXO OX,1.0
X OXXOO  ,0.0
X OXXOO X,1.0
X OXXOOXO,-1.0
X OXXOXO ,1.0
X X     O,0.0
X X    O ,0.0
X X    OO,0.0
X X   O  ,0.0
X X   O O,0.0
X X   XOO,0.0
X X  O   ,0.0
X X  O  O,1.0
X X  O O ,1.0
X X  O OX,0.0
X X  OO  ,0.0
X X  OOX ,0.0
X X  OX O,0.0
X X  OXOO,1.0
X X  X OO,0.0
X X  XO O,0.0
X X  XOO ,0.0
X X  XOOO,-1.0
X X O    ,0.0
X X O   O,0.0
X X O  O ,0.0
X X O  OX,0.0
X X O O  ,1.0
X X O O X,0.0
X X O OOX,1.0
X X O OX ,0.0
X X O X O,0.0
X X O XO ,0.0
X X OO   ,1.0
X X OO OX,0.0
X X OOOX ,0.0
X X OOX  ,0.0
X X OOX O,0.0
X X OOXO ,1.0
X X OOXOX,-1.0
X X OOXXO,-1.0
X X OX O ,0.0
X X OXO  ,0.0
X X OXOO ,1.0
X X OXOOX,1.0
X X OXOXO,0.0
X X X  OO,0.0
X X XO  O,0.0
X X XO O ,0.0
X X XOOO ,0.0
X X XOOOX,1.0
X X XOXOO,1.0
X XO     ,0.0
X XO    O,1.0
X XO   XO,0.0
X XO  O  ,1.0
X XO  O X,0.0
X XO  OX ,0.0
X XO  X O,0.0
X XO  XOO,1.0
X XO O   ,0.0
X XO O  X,0.0
X XO O X ,0.0
X XO OO X,1.0
X XO OOX ,0.0
X XO OXXO,-1.0
X XO X  O,0.0
X XO X O ,0.0
X XO X OO,0.0
X XO XO  ,0.0
X XO XO O,0.0
X XO XOO ,1.0
X XO XOXO,0.0
X XOO    ,0.0
X XOO   X,0.0
X XOO  OX,1.0
X XOO  XO,0.0
X XOO OX ,0.0
X XOO X  ,0.0
X XOO X O,0.0
X XOO XXO,-1.0
X XOOOXXO,-1.0
X XOOX O ,0.0
X XOOX OX,1.0
X XOOX XO,0.0
X XOOXOX ,0.0
X XOOXOXO,1.0
X XOOXX O,0.0
X XOOXXO ,0.0
X XOOXXOO,1.0
X XOX OXO,0.0
X XOX XOO,1.0
X XOXOOX ,0.0
X XOXOOXO,0.0
X XOXX OO,0.0
X XOXXOOO,-1.0
X XX   OO,-1.0
X XX  O O,0.0
X XX  OOO,-1.0
X XX O O ,0.0
X XX OO  ,0.0
X XX OOO ,1.0
X XX OOOX,0.0
X XXO   O,0.0
X XXO  O ,-1.0
X XXO  OO,0.0
X XXO O  ,0.0
X XXO O O,0.0
X XXO OO ,0.0
X XXO OOX,-1.0
X XXO XOO,1.0
X XXOO O ,0.0
X XXOOO X,0.0
X XXOOOOX,1.0
X XXOOOX ,0.0
X XXOOOXO,1.0
X XXOOXO ,1.0
X XXOXOO ,-1.0
XO       ,0.0
XO      X,0.0
XO     OX,1.0
XO     X ,0.0
XO     XO,0.0
XO    O X,0.0
XO    OX ,0.0
XO    X  ,0.0
XO    X O,0.0
XO    XO ,1.0
XO    XXO,0.0
XO   O  X,0.0
XO   OOXX,0.0
XO   OX  ,0.0
XO   OX X,0.0
XO   OXOX,1.0
XO   OXXO,1.0
XO   X   ,0.0
XO   X  O,0.0
XO   X O ,0.0
XO   XO  ,0.0
XO   XOX ,0.0
XO   XX O,0.0
XO   XXO ,0.0
XO  O   X,0.0
XO  O  X ,0.0
XO  O OXX,0.0
XO  O X  ,1.0
XO  O X X,0.0
XO  O XX ,0.0
XO  OOX X,0.0
XO  OOXXX,1.0
XO  OX X ,0.0
XO  OX XO,0.0
XO  OXXO ,-1.0
XO  OXXXO,0.0
XO  X    ,0.0
XO  X   O,0.0
XO  X  O ,0.0
XO  X  OX,1.0
XO  X  XO,0.0
XO  X O  ,0.0
XO  X OX ,0.0
XO  X OXO,0.0
XO  X X O,0.0
XO  XO   ,0.0
XO  XOOXX,1.0
XO  XOX  ,0.0
XO  XX  O,0.0
XO  XX O ,0.0
XO  XX OO,1.0
XO  XXO  ,0.0
XO  XXO O,1.0
XO  XXOXO,0.0
XO O    X,0.0
XO O   X ,0.0
XO O  X  ,0.0
XO O  XX ,0.0
XO O  XXO,0.0
XO O X   ,0.0
XO O X  X,0.0
XO O X OX,0.0
XO O XOX ,0.0
XO O XX O,0.0
XO OO X X,1.0
XO OO XX ,0.0
XO OO XXX,1.0
XO OOX X ,0.0
XO OOX XX,0.0
XO OOXOXX,0.0
XO OOXX  ,0.0
XO OOXXX ,0.0
XO OOXXXO,0.0
XO OX    ,1.0
XO OX   X,1.0
XO OX OX ,0.0
XO OX X  ,0.0
XO OX X O,0.0
XO OX XXO,0.0
XO OXO X ,0.0
XO OXOX  ,0.0
XO OXOXX ,0.0
XO OXOXXO,1.0
XO OXX O ,0.0
XO OXXO  ,0.0
XO OXXOX ,0.0
XO OXXOXO,0.0
XO OXXX O,0.0
XO OXXXOO,1.0
XO X     ,0.0
XO X    O,0.0
XO X   O ,1.0
XO X  O X,0.0
XO X  OX ,0.0
XO X  OXO,0.0
XO X  X O,1.0
XO X  XO ,1.0
XO X O  X,0.0
XO X O OX,0.0
XO X O XO,1.0
XO X OO X,1.0
XO X OXOX,1.0
XO X OXXO,1.0
XO X X O ,0.0
XO X XO  ,0.0
XO X XOXO,0.0
XO XO    ,1.0
XO XO X  ,1.0
XO XOO  X,0.0
XO XOO XX,0.0
XO XOOOXX,0.0
XO XOX O ,-1.0
XO XOXO  ,0.0
XO XOXOOX,-1.0
XO XOXOX ,0.0
XO XOXOXO,0.0
XO XX   O,0.0
XO XX  O ,0.0
XO XX  OO,0.0
XO XX O O,0.0
XO XX OO ,1.0
XO XX OXO,0.0
XO XXO   ,0.0
XO XXO  O,0.0
XO XXOO  ,1.0
XO XXOO X,1.0
XO XXOOXO,0.0
XO XXX OO,1.0
XO XXXO O,1.0
XO XXXOO ,1.0
XOO    X ,0.0
XOO    XX,0.0
XOO   OXX,0.0
XOO  X  X,0.0
XOO  X OX,0.0
XOO  X X ,0.0
XOO  XO X,0.0
XOO  XOXX,0.0
XOO  XXXO,0.0
XOO O X X,0.0
XOO O XXX,1.0
XOO OX X ,0.0
XOO OXOXX,-1.0
XOO OXXX ,0.0
XOO X    ,1.0
XOO X   X,1.0
XOO X  X ,0.0
XOO X OX ,1.0
XOO X OXX,1.0
XOO XOX  ,0.0
XOO XOX X,1.0
XOO XX   ,0.0
XOO XX  O,1.0
XOO XXO X,1.0
XOO XXOXO,1.0
XOOO X  X,1.0
XOOO XXXO,0.0
XOOOOX XX,1.0
XOOOOXX X,0.0
XOOOOXXX ,1.0
XOOOOXXXX,1.0
XOOOX X  ,0.0
XOOOX X X,1.0
XOOOX XXO,0.0
XOOOXOXX ,0.0
XOOOXOXXX,1.0
XOOOXX   ,1.0
XOOOXX  X,1.0
XOOOXXOX ,1.0
XOOOXXOXX,1.0
XOOOXXX O,0.0
XOOOXXXOX,1.0
XOOOXXXXO,0.0
XOOX   X ,0.0
XOOX   XO,1.0
XOOX  OX ,0.0
XOOX  OXX,0.0
XOOX  X  ,1.0
XOOX  XXO,1.0
XOOX O X ,0.0
XOOX O XX,0.0
XOOX OOXX,1.0
XOOX X  O,0.0
XOOX X OX,0.0
XOOX XOXO,1.0
XOOXO OXX,-1.0
XOOXOX OX,-1.0
XOOXOXX  ,1.0
XOOXX    ,0.0
XOOXX   O,1.0
XOOXX  XO,0.0
XOOXX O  ,0.0
XOOXX O X,1.0
XOOXXO XO,-1.0
XOOXXOOXX,1.0
XOOXXOX  ,1.0
XOOXXOXOX,1.0
XOOXXX  O,1.0
XOOXXXOXO,1.0
XOX      ,0.0
XOX     O,0.0
XOX    O ,0.0
XOX    OX,0.0
XOX   O  ,0.0
XOX   O X,0.0
XOX   OX ,0.0
XOX   XO ,0.0
XOX  O   ,0.0
XOX  O OX,0.0
XOX  OOX ,0.0
XOX  OX  ,0.0
XOX  OXO ,0.0
XOX  OXOX,-1.0
XOX  X  O,0.0
XOX  X OO,0.0
XOX  XO  ,0.0
XOX  XXOO,0.0
XOX O    ,0.0
XOX O   X,0.0
XOX O O X,0.0
XOX O OX ,0.0
XOX O OXX,0.0
XOX O X  ,0.0
XOX O XO ,-1.0
XOX OOOXX,0.0
XOX OOXOX,-1.0
XOX OOXXO,1.0
XOX OX  O,0.0
XOX OXO X,1.0
XOX OXOX ,0.0
XOX OXOXO,0.0
XOX OXXOO,-1.0
XOX X   O,0.0
XOX X  OO,0.0
XOX X O  ,0.0
XOX X O O,0.0
XOX X OOX,1.0
XOX X OXO,0.0
XOX XO   ,0.0
XOX XO  O,0.0
XOX XO XO,0.0
XOX XOO X,1.0
XOX XOOX ,0.0
XOX XOOXO,0.0
XOX XX OO,0.0
XOX XXO O,0.0
XOX XXOOO,-1.0
XOXO    X,0.0
XOXO   OX,0.0
XOXO   X ,0.0
XOXO  O X,1.0
XOXO  OX ,0.0
XOXO  OXX,0.0
XOXO  XO ,0.0
XOXO O  X,0.0
XOXO O X ,0.0
XOXO OOXX,1.0
XOXO OX X,0.0
XOXO X   ,0.0
XOXO X  O,0.0
XOXO X OX,1.0
XOXO X XO,0.0
XOXO XO  ,1.0
XOXO XO X,1.0
XOXO XOX ,0.0
XOXO XOXO,0.0
XOXOO OXX,1.0
XOXOO X X,0.0
XOXOO XOX,-1.0
XOXOO XXO,0.0
XOXOOOX X,-1.0
XOXOOX XO,0.0
XOXOOXOX ,1.0
XOXOOXOXX,1.0
XOXOOXXO ,-1.0
XOXOOXXXO,0.0
XOXOX    ,0.0
XOXOX  OX,1.0
XOXOX O  ,0.0
XOXOX O X,1.0
XOXOX OX ,0.0
XOXOX OXO,0.0
XOXOX X O,1.0
XOXOX XO ,1.0
XOXOXO   ,1.0
XOXOXO  X,1.0
XOXOXO X ,0.0
XOXOXO XO,1.0
XOXOXOOX ,1.0
XOXOXOOXX,1.0
XOXOXOX  ,1.0
XOXOXOXXO,1.0
XOXOXX  O,0.0
XOXOXX O ,0.0
XOXOXX OO,1.0
XOXOXXO  ,0.0
XOXOXXO O,0.0
XOXOXXOO ,1.0
XOXOXXOOX,1.0
XOXOXXOXO,0.0
XOXOXXXOO,1.0
XOXX   O ,-1.0
XOXX O OX,0.0
XOXX O XO,0.0
XOXX OO  ,0.0
XOXX OOOX,1.0
XOXX OXO ,1.0
XOXX X OO,0.0
XOXXO    ,0.0
XOXXO  O ,-1.0
XOXXO O  ,0.0
XOXXO O X,-1.0
XOXXO OOX,-1.0
XOXXOO XO,1.0
XOXXOOO X,0.0
XOXXOOOXX,0.0
XOXXOOXXO,1.0
XOXXOX  O,-1.0
XOXXOX OO,-1.0
XOXXOXO  ,-1.0
XOXXOXOO ,-1.0
XOXXOXOXO,0.0
XOXXXO  O,0.0
XOXXXO OO,0.0
XOXXXOO  ,0.0
XOXXXOO O,0.0
XOXXXOOO ,1.0
XOXXXOOOX,1.0
XOXXXOOXO,0.0
XOXXXOXOO,1.0
XX     O ,0.0
XX    O  ,0.0
XX    OO ,1.0
XX    OOX,0.0
XX   O   ,0.0
XX   O O ,1.0
XX   O XO,0.0
XX   OO  ,0.0
XX   OOX ,0.0
XX   OOXO,1.0
XX   X OO,0.0
XX   XO O,0.0
XX   XOOO,-1.0
XX  O    ,0.0
XX  O  O ,0.0
XX  O  OX,0.0
XX  O O  ,0.0
XX  O O X,0.0
XX  O OOX,0.0
XX  O X O,0.0
XX  O XO ,0.0
XX  O XOO,0.0
XX  OO   ,1.0
XX  OO X ,0.0
XX  OO XO,0.0
XX  OOOXX,0.0
XX  OOX  ,0.0
XX  OX  O,0.0
XX  OX OO,1.0
XX  OXO  ,0.0
XX  OXO O,0.0
XX  OXOXO,0.0
XX  X  OO,0.0
XX  XO  O,0.0
XX  XOO O,1.0
XX  XOOXO,1.0
XX O     ,0.0
XX O   OX,0.0
XX O  O X,0.0
XX O  OOX,0.0
XX O  XO ,0.0
XX O O   ,0.0
XX O O  X,-1.0
XX O O X ,0.0
XX O OO X,1.0
XX O OX  ,-1.0
XX O X  O,0.0
XX O X O ,0.0
XX O X OO,1.0
XX O XO  ,0.0
XX O XOO ,1.0
XX O XOOX,0.0
XX O XXOO,0.0
XX OO    ,0.0
XX OO  X ,0.0
XX OO OX ,0.0
XX OO X O,0.0
XX OO XOX,0.0
XX OO XXO,0.0
XX OOO  X,-1.0
XX OOO X ,-1.0
XX OOOOXX,-1.0
XX OOOX  ,-1.0
XX OOX   ,0.0
XX OOX O ,0.0
XX OOX XO,0.0
XX OOXO  ,0.0
XX OOXOX ,0.0
XX OOXOXO,1.0
XX OOXXO ,0.0
XX OOXXOO,1.0
XX OX OOX,1.0
XX OX OXO,1.0
XX OXO   ,0.0
XX OXO O ,0.0
XX OXOOX ,1.0
XX OXX OO,0.0
XX OXXOO ,-1.0
XX OXXOOO,-1.0
XX X  OO ,0.0
XX XO   O,0.0
XX XO  O ,0.0
XX XO  OO,1.0
XX XO O  ,-1.0
XX XO O O,1.0
XX XO OO ,0.0
XX XO OOX,-1.0
XX XO OXO,0.0
XX XOO  O,0.0
XX XOO O ,0.0
XX XOO OX,0.0
XX XOO XO,0.0
XX XOOOOX,1.0
XX XOOOXO,1.0
XX XOOXO ,1.0
XX XOX OO,0.0
XX XOXOO ,0.0
XX XXOO O,-1.0
XX XXOOO ,0.0
XX XXOOOO,-1.0
XXO      ,0.0
XXO    O ,0.0
XXO   O  ,0.0
XXO   O X,-1.0
XXO   OOX,0.0
XXO   XO ,0.0
XXO  O   ,0.0
XXO  O  X,0.0
XXO  O X ,0.0
XXO  OOX ,0.0
XXO  OOXX,0.0
XXO  OX  ,0.0
XXO  OXO ,1.0
XXO  OXOX,1.0
XXO  X  O,0.0
XXO  XO  ,0.0
XXO  XOO ,0.0
XXO O    ,0.0
XXO O   X,-1.0
XXO O  OX,0.0
XXO O  X ,0.0
XXO O O X,-1.0
XXO O XO ,0.0
XXO O XOX,0.0
XXO O XXO,0.0
XXO OO X ,0.0
XXO OO XX,-1.0
XXO OOX  ,0.0
XXO OOX X,0.0
XXO OOXOX,1.0
XXO OOXX ,-1.0
XXO OOXXO,-1.0
XXO OXX O,0.0
XXO OXXO ,0.0
XXO OXXOO,1.0
XXO X  O ,0.0
XXO X  OO,0.0
XXO X O  ,0.0
XXO X O O,0.0
XXO X OOX,1.0
XXO X XOO,0.0
XXO XO   ,0.0
XXO XO O ,1.0
XXO XO OX,1.0
XXO XOO  ,0.0
XXO XOO X,1.0
XXO XOOX ,1.0
XXO XXOO ,0.0
XXOO     ,0.0
XXOO   OX,0.0
XXOO   X ,0.0
XXOO  XO ,0.0
XXOO  XOX,0.0
XXOO O  X,0.0
XXOO O X ,0.0
XXOO O XX,-1.0
XXOO OOXX,0.0
XXOO OXOX,1.0
XXOO X  O,0.0
XXOO X OX,0.0
XXOO X XO,0.0
XXOO XO  ,0.0
XXOO XO X,0.0
XXOO XOOX,1.0
XXOO XOX ,-1.0
XXOO XX O,0.0
XXOO XXOO,0.0
XXOOO   X,0.0
XXOOO XOX,0.0
XXOOO XX ,0.0
XXOOO XXO,0.0
XXOOOO XX,-1.0
XXOOOOX X,-1.0
XXOOOOXX ,-1.0
XXOOOX   ,0.0
XXOOOX  X,0.0
XXOOOX OX,0.0
XXOOOX X ,-1.0
XXOOOX XO,0.0
XXOOOXO X,-1.0
XXOOOXOX ,-1.0
XXOOOXX  ,0.0
XXOOOXX O,0.0
XXOOOXXO ,0.0
XXOOOXXOX,0.0
XXOOOXXXO,0.0
XXOOX    ,0.0
XXOOX  O ,0.0
XXOOX XO ,0.0
XXOOX XOO,0.0
XXOOXO  X,1.0
XXOOXO X ,1.0
XXOOXOOXX,1.0
XXOOXOX  ,-1.0
XXOOXOX O,-1.0
XXOOXOXOX,1.0
XXOOXXO  ,0.0
XXOOXXO O,0.0
XXOOXXOO ,1.0
XXOOXXOOX,1.0
XXOOXXOXO,1.0
XXOOXXXOO,0.0
XXOX   O ,0.0
XXOX  O  ,-1.0
XXOX  OOX,-1.0
XXOX O   ,0.0
XXOX O O ,0.0
XXOX O OX,1.0
XXOX OO X,0.0
XXOX OOOX,1.0
XXOXO    ,-1.0
XXOXO  O ,0.0
XXOXO  OX,-1.0
XXOXO  XO,-1.0
XXOXO O  ,-1.0
XXOXO OOX,-1.0
XXOXO OXO,-1.0
XXOXO XO ,1.0
XXOXOO   ,0.0
XXOXOO  X,-1.0
XXOXOO OX,1.0
XXOXOO X ,-1.0
XXOXOO XO,-1.0
XXOXOOO X,-1.0
XXOXOOXOX,1.0
XXOXOX OO,1.0
XXOXOXOO ,-1.0
XXOXOXXOO,1.0
XXOXX  OO,0.0
XXOXX O O,0.0
XXOXXO OO,-1.0
XXOXXOO O,-1.0
XXOXXOOOX,1.0
XXX   OO ,1.0
XXX  O  O,1.0
XXX  O O ,1.0
XXX O O  ,1.0
XXX O XOO,1.0
XXX OO   ,1.0
XXX OO OX,1.0
XXX OOOX ,1.0
XXX OOXO ,1.0
XXX OX OO,1.0
XXX OXO O,1.0
XXXO    O,1.0
XXXO  O  ,1.0
XXXO O XO,1.0
XXXO OO X,1.0
XXXO X OO,1.0
XXXO XO O,1.0
XXXO XOO ,1.0
XXXOO    ,1.0
XXXOO  XO,1.0
XXXOO OX ,1.0
XXXOOXOXO,1.0
XXXOOXXOO,1.0
XXXOX  OO,1.0
XXXOXO O ,1.0
XXXOXOOOX,1.0
XXXOXOOXO,1.0
XXXX OOO ,1.0
XXXXO  OO,1.0
XXXXO O O,1.0
XXXXO OO ,1.0
XXXXOOO  ,1.0
XXXXOOOOX,1.0
XXXXOOOXO,1.0
XXXXOOXOO,1.0
